symbol,sector
BHG,Bia và đồ uống
BHK,Bia và đồ uống
BHN,Bia và đồ uống
BHP,Bia và đồ uống
BQB,Bia và đồ uống
BSD,Bia và đồ uống
BSH,Bia và đồ uống
BSL,Bia và đồ uống
BSP,Bia và đồ uống
BSQ,Bia và đồ uống
BTB,Bia và đồ uống
CFV,Bia và đồ uống
CPA,Bia và đồ uống
CTP,Bia và đồ uống
EPC,Bia và đồ uống
FGL,Bia và đồ uống
HAD,Bia và đồ uống
HAT,Bia và đồ uống
HAV,Bia và đồ uống
HBH,Bia và đồ uống
HKT,Bia và đồ uống
HLB,Bia và đồ uống
HNR,Bia và đồ uống
IFS,Bia và đồ uống
NAF,Bia và đồ uống
PCF,Bia và đồ uống
BBM,Bia và đồ uống
QHW,Bia và đồ uống
SAB,Bia và đồ uống
SB1,Bia và đồ uống
SBB,Bia và đồ uống
SBL,Bia và đồ uống
SCD,Bia và đồ uống
SKH,Bia và đồ uống
SKN,Bia và đồ uống
SKV,Bia và đồ uống
TAN,Bia và đồ uống
THB,Bia và đồ uống
VCF,Bia và đồ uống
VDL,Bia và đồ uống
SMB,Bia và đồ uống
VTL,Bia và đồ uống
WSB,Bia và đồ uống
BTT,Bán lẻ
CEN,Bán lẻ
CMV,Bán lẻ
COM,Bán lẻ
CPH,Bán lẻ
DGW,Bán lẻ
DKC,Bán lẻ
FRT,Bán lẻ
HFX,Bán lẻ
HTM,Bán lẻ
HTT,Bán lẻ
KGM,Bán lẻ
MWG,Bán lẻ
PET,Bán lẻ
PIT,Bán lẻ
PSD,Bán lẻ
SAS,Bán lẻ
SBV,Bán lẻ
THS,Bán lẻ
TOP,Bán lẻ
TV6,Bán lẻ
AST,Bán lẻ
BVH,Bảo hiểm nhân thọ
BHI,Bảo hiểm phi nhân thọ
BIC,Bảo hiểm phi nhân thọ
BLI,Bảo hiểm phi nhân thọ
BMI,Bảo hiểm phi nhân thọ
MIG,Bảo hiểm phi nhân thọ
PGI,Bảo hiểm phi nhân thọ
PRE,Bảo hiểm phi nhân thọ
PTI,Bảo hiểm phi nhân thọ
PVI,Bảo hiểm phi nhân thọ
VNR,Bảo hiểm phi nhân thọ
AIC,Bảo hiểm phi nhân thọ
ABI,Bảo hiểm phi nhân thọ
BCM,Bất động sản
BIG,Bất động sản
BII,Bất động sản
BSC,Bất động sản
BVL,Bất động sản
C21,Bất động sản
CCL,Bất động sản
CEO,Bất động sản
CK8,Bất động sản
CKG,Bất động sản
CLG,Bất động sản
CRE,Bất động sản
D11,Bất động sản
D2D,Bất động sản
DCH,Bất động sản
DIG,Bất động sản
DRH,Bất động sản
DTA,Bất động sản
DTD,Bất động sản
DXG,Bất động sản
DXS,Bất động sản
EFI,Bất động sản
FCC,Bất động sản
FDC,Bất động sản
FIR,Bất động sản
FLC,Bất động sản
HAR,Bất động sản
HD2,Bất động sản
HD6,Bất động sản
HD8,Bất động sản
HDC,Bất động sản
HDG,Bất động sản
HLD,Bất động sản
HPI,Bất động sản
HPX,Bất động sản
HQC,Bất động sản
HRB,Bất động sản
HTN,Bất động sản
HU6,Bất động sản
IDC,Bất động sản
IDJ,Bất động sản
IDV,Bất động sản
IJC,Bất động sản
ITA,Bất động sản
ITC,Bất động sản
KAC,Bất động sản
KBC,Bất động sản
KDH,Bất động sản
KHG,Bất động sản
KOS,Bất động sản
KSF,Bất động sản
LDG,Bất động sản
LEC,Bất động sản
LGL,Bất động sản
LHG,Bất động sản
LMH,Bất động sản
LSG,Bất động sản
MA1,Bất động sản
MBT,Bất động sản
MGR,Bất động sản
MH3,Bất động sản
NBB,Bất động sản
NDN,Bất động sản
NLG,Bất động sản
API,Bất động sản
NRC,Bất động sản
NTB,Bất động sản
NTC,Bất động sản
NTL,Bất động sản
NVL,Bất động sản
NVT,Bất động sản
AAV,Bất động sản
PDR,Bất động sản
PIV,Bất động sản
PLA,Bất động sản
PPI,Bất động sản
PRT,Bất động sản
PTL,Bất động sản
PV2,Bất động sản
PVL,Bất động sản
PVR,Bất động sản
PWA,Bất động sản
PXA,Bất động sản
PXC,Bất động sản
PXL,Bất động sản
QCG,Bất động sản
RCL,Bất động sản
SCR,Bất động sản
SGR,Bất động sản
SID,Bất động sản
SIP,Bất động sản
SJS,Bất động sản
SSH,Bất động sản
STL,Bất động sản
SZB,Bất động sản
SZC,Bất động sản
SZG,Bất động sản
SZL,Bất động sản
TAL,Bất động sản
TBR,Bất động sản
TCH,Bất động sản
TDC,Bất động sản
TDH,Bất động sản
TEG,Bất động sản
THD,Bất động sản
TID,Bất động sản
TIG,Bất động sản
TIP,Bất động sản
TIX,Bất động sản
TLD,Bất động sản
TN1,Bất động sản
V11,Bất động sản
V21,Bất động sản
VC3,Bất động sản
VCR,Bất động sản
VES,Bất động sản
VGV,Bất động sản
VHD,Bất động sản
VHM,Bất động sản
VIC,Bất động sản
VNI,Bất động sản
VPH,Bất động sản
AMD,Bất động sản
AGG,Bất động sản
VPI,Bất động sản
VRC,Bất động sản
VRE,Bất động sản
VRG,Bất động sản
VSI,Bất động sản
XDH,Bất động sản
CKA,Công nghiệp nặng
CKD,Công nghiệp nặng
CMC,Công nghiệp nặng
CMK,Công nghiệp nặng
CTB,Công nghiệp nặng
CTT,Công nghiệp nặng
DZM,Công nghiệp nặng
FBC,Công nghiệp nặng
FSO,Công nghiệp nặng
FT1,Công nghiệp nặng
IME,Công nghiệp nặng
ITS,Công nghiệp nặng
L10,Công nghiệp nặng
L35,Công nghiệp nặng
L44,Công nghiệp nặng
L61,Công nghiệp nặng
L62,Công nghiệp nặng
L63,Công nghiệp nặng
LLM,Công nghiệp nặng
LM7,Công nghiệp nặng
LMI,Công nghiệp nặng
LO5,Công nghiệp nặng
MAC,Công nghiệp nặng
MIE,Công nghiệp nặng
NO1,Công nghiệp nặng
PEC,Công nghiệp nặng
PMS,Công nghiệp nặng
SAL,Công nghiệp nặng
SCO,Công nghiệp nặng
SCY,Công nghiệp nặng
SDK,Công nghiệp nặng
SRF,Công nghiệp nặng
UEM,Công nghiệp nặng
VEA,Công nghiệp nặng
APL,Công nghiệp nặng
BCV,Du lịch & Giải trí
BLN,Du lịch & Giải trí
BSG,Du lịch & Giải trí
BTV,Du lịch & Giải trí
DAH,Du lịch & Giải trí
DLD,Du lịch & Giải trí
DLT,Du lịch & Giải trí
DNT,Du lịch & Giải trí
DSD,Du lịch & Giải trí
DSN,Du lịch & Giải trí
DSP,Du lịch & Giải trí
DTI,Du lịch & Giải trí
DXL,Du lịch & Giải trí
EIN,Du lịch & Giải trí
GTT,Du lịch & Giải trí
HES,Du lịch & Giải trí
HGT,Du lịch & Giải trí
HHG,Du lịch & Giải trí
HOT,Du lịch & Giải trí
HVN,Du lịch & Giải trí
KLF,Du lịch & Giải trí
MAS,Du lịch & Giải trí
MTC,Du lịch & Giải trí
NWT,Du lịch & Giải trí
ONW,Du lịch & Giải trí
PDC,Du lịch & Giải trí
PGT,Du lịch & Giải trí
PNG,Du lịch & Giải trí
RIC,Du lịch & Giải trí
SCS,Du lịch & Giải trí
SGH,Du lịch & Giải trí
SKG,Du lịch & Giải trí
STT,Du lịch & Giải trí
TCT,Du lịch & Giải trí
TPS,Du lịch & Giải trí
TSD,Du lịch & Giải trí
TSJ,Du lịch & Giải trí
TTT,Du lịch & Giải trí
VIR,Du lịch & Giải trí
VJC,Du lịch & Giải trí
VNG,Du lịch & Giải trí
ATS,Du lịch & Giải trí
CTC,Du lịch & Giải trí
VNS,Du lịch & Giải trí
VTD,Du lịch & Giải trí
VTG,Du lịch & Giải trí
VTM,Du lịch & Giải trí
VTR,Du lịch & Giải trí
BCP,Dược phẩm
BIO,Dược phẩm
CDP,Dược phẩm
CNC,Dược phẩm
DAN,Dược phẩm
DBD,Dược phẩm
DBM,Dược phẩm
DBT,Dược phẩm
DCL,Dược phẩm
DDN,Dược phẩm
DHD,Dược phẩm
DHG,Dược phẩm
DHN,Dược phẩm
DMC,Dược phẩm
DP1,Dược phẩm
DP2,Dược phẩm
DP3,Dược phẩm
DPH,Dược phẩm
DPP,Dược phẩm
DTG,Dược phẩm
DTP,Dược phẩm
DVM,Dược phẩm
DVN,Dược phẩm
FIT,Dược phẩm
GPC,Dược phẩm
HDP,Dược phẩm
IMP,Dược phẩm
LDP,Dược phẩm
APC,Dược phẩm
MED,Dược phẩm
MKP,Dược phẩm
MKV,Dược phẩm
MTP,Dược phẩm
NDC,Dược phẩm
NTF,Dược phẩm
OPC,Dược phẩm
PBC,Dược phẩm
PMC,Dược phẩm
PPP,Dược phẩm
SPM,Dược phẩm
AMP,Dược phẩm
TRA,Dược phẩm
TW3,Dược phẩm
UPH,Dược phẩm
VDP,Dược phẩm
VHE,Dược phẩm
AGP,Dược phẩm
NDP,Dược phẩm
VMD,Dược phẩm
BCG,Dịch vụ tài chính
BMS,Dịch vụ tài chính
BSI,Dịch vụ tài chính
BVS,Dịch vụ tài chính
CSI,Dịch vụ tài chính
CTS,Dịch vụ tài chính
APS,Dịch vụ tài chính
DSC,Dịch vụ tài chính
DSE,Dịch vụ tài chính
EVF,Dịch vụ tài chính
EVS,Dịch vụ tài chính
FTS,Dịch vụ tài chính
HAC,Dịch vụ tài chính
HBS,Dịch vụ tài chính
HCM,Dịch vụ tài chính
HVA,Dịch vụ tài chính
IBC,Dịch vụ tài chính
IVS,Dịch vụ tài chính
MBS,Dịch vụ tài chính
OGC,Dịch vụ tài chính
ORS,Dịch vụ tài chính
PHS,Dịch vụ tài chính
PSI,Dịch vụ tài chính
SBS,Dịch vụ tài chính
ART,Dịch vụ tài chính
SHS,Dịch vụ tài chính
SSI,Dịch vụ tài chính
TCI,Dịch vụ tài chính
TIN,Dịch vụ tài chính
TVB,Dịch vụ tài chính
TVC,Dịch vụ tài chính
TVS,Dịch vụ tài chính
VCI,Dịch vụ tài chính
VDS,Dịch vụ tài chính
VFS,Dịch vụ tài chính
VIG,Dịch vụ tài chính
VIX,Dịch vụ tài chính
VND,Dịch vụ tài chính
APG,Dịch vụ tài chính
AGR,Dịch vụ tài chính
ABW,Dịch vụ tài chính
AAS,Dịch vụ tài chính
VUA,Dịch vụ tài chính
WSS,Dịch vụ tài chính
BDG,Hàng cá nhân
BMG,Hàng cá nhân
BVN,Hàng cá nhân
CET,Hàng cá nhân
DCG,Hàng cá nhân
DM7,Hàng cá nhân
EVE,Hàng cá nhân
FTM,Hàng cá nhân
G20,Hàng cá nhân
GIL,Hàng cá nhân
GMC,Hàng cá nhân
GTD,Hàng cá nhân
HCB,Hàng cá nhân
HDM,Hàng cá nhân
HLT,Hàng cá nhân
HNI,Hàng cá nhân
HSM,Hàng cá nhân
HTG,Hàng cá nhân
HUG,Hàng cá nhân
KMR,Hàng cá nhân
LGM,Hàng cá nhân
LIX,Hàng cá nhân
M10,Hàng cá nhân
MGG,Hàng cá nhân
MNB,Hàng cá nhân
MPT,Hàng cá nhân
MSH,Hàng cá nhân
BBT,Hàng cá nhân
NDT,Hàng cá nhân
NJC,Hàng cá nhân
NTT,Hàng cá nhân
PNJ,Hàng cá nhân
PPH,Hàng cá nhân
PTG,Hàng cá nhân
SGI,Hàng cá nhân
SPB,Hàng cá nhân
ASA,Hàng cá nhân
SSF,Hàng cá nhân
STK,Hàng cá nhân
SVD,Hàng cá nhân
TCM,Hàng cá nhân
TDT,Hàng cá nhân
TET,Hàng cá nhân
THM,Hàng cá nhân
TLI,Hàng cá nhân
TNG,Hàng cá nhân
TNV,Hàng cá nhân
TTG,Hàng cá nhân
TVT,Hàng cá nhân
VDG,Hàng cá nhân
VDN,Hàng cá nhân
VGG,Hàng cá nhân
VGT,Hàng cá nhân
ADS,Hàng cá nhân
AG1,Hàng cá nhân
A32,Hàng cá nhân
AAT,Hàng cá nhân
NET,Hàng cá nhân
VTI,Hàng cá nhân
X20,Hàng cá nhân
X26,Hàng cá nhân
XPH,Hàng cá nhân
BPC,Hàng công nghiệp
BTG,Hàng công nghiệp
BXH,Hàng công nghiệp
BBS,Hàng công nghiệp
DPC,Hàng công nghiệp
HBD,Hàng công nghiệp
HDO,Hàng công nghiệp
HPB,Hàng công nghiệp
ILS,Hàng công nghiệp
INN,Hàng công nghiệp
MCP,Hàng công nghiệp
NHP,Hàng công nghiệp
PBP,Hàng công nghiệp
PBT,Hàng công nghiệp
PMP,Hàng công nghiệp
QHD,Hàng công nghiệp
SBG,Hàng công nghiệp
SDG,Hàng công nghiệp
BBH,Hàng công nghiệp
STP,Hàng công nghiệp
SVG,Hàng công nghiệp
SVI,Hàng công nghiệp
TB8,Hàng công nghiệp
TDP,Hàng công nghiệp
TKA,Hàng công nghiệp
TPP,Hàng công nghiệp
VHG,Hàng công nghiệp
BAL,Hàng công nghiệp
APH,Hàng công nghiệp
VBC,Hàng công nghiệp
BKG,Hàng gia dụng
DCS,Hàng gia dụng
DQC,Hàng gia dụng
FBA,Hàng gia dụng
GDT,Hàng gia dụng
KSD,Hàng gia dụng
RAL,Hàng gia dụng
SHE,Hàng gia dụng
TLG,Hàng gia dụng
XHC,Hàng gia dụng
BEL,Hàng hóa giải trí
GLT,Hàng hóa giải trí
NHT,Hàng hóa giải trí
BFC,Hóa chất
BRC,Hóa chất
BRR,Hóa chất
BT1,Hóa chất
CPC,Hóa chất
CSV,Hóa chất
DAG,Hóa chất
DCM,Hóa chất
DDV,Hóa chất
DGC,Hóa chất
DHB,Hóa chất
DOC,Hóa chất
DPM,Hóa chất
DPR,Hóa chất
DRG,Hóa chất
DRI,Hóa chất
DTT,Hóa chất
ECO,Hóa chất
GER,Hóa chất
GVR,Hóa chất
HAI,Hóa chất
HCD,Hóa chất
HII,Hóa chất
HMD,Hóa chất
HNP,Hóa chất
HPH,Hóa chất
HRC,Hóa chất
HSI,Hóa chất
HVT,Hóa chất
IRC,Hóa chất
LAS,Hóa chất
LNC,Hóa chất
NFC,Hóa chất
NHH,Hóa chất
NSG,Hóa chất
PAT,Hóa chất
PCE,Hóa chất
PCH,Hóa chất
PGN,Hóa chất
PHR,Hóa chất
PLC,Hóa chất
PLP,Hóa chất
PMB,Hóa chất
PSE,Hóa chất
PSW,Hóa chất
PVO,Hóa chất
QBS,Hóa chất
RBC,Hóa chất
RDP,Hóa chất
RTB,Hóa chất
SBR,Hóa chất
SEP,Hóa chất
SFG,Hóa chất
SJF,Hóa chất
SPC,Hóa chất
TNC,Hóa chất
TPC,Hóa chất
TRC,Hóa chất
TSC,Hóa chất
VAF,Hóa chất
VET,Hóa chất
VFG,Hóa chất
VKP,Hóa chất
VNP,Hóa chất
AVG,Hóa chất
APP,Hóa chất
ABS,Hóa chất
AAA,Hóa chất
VNY,Hóa chất
VPS,Hóa chất
VTQ,Hóa chất
VTZ,Hóa chất
VXP,Hóa chất
BKC,Khai khoáng
BMC,Khai khoáng
BMJ,Khai khoáng
CLM,Khai khoáng
CST,Khai khoáng
DHM,Khai khoáng
GLC,Khai khoáng
HGM,Khai khoáng
HLC,Khai khoáng
HPM,Khai khoáng
KCB,Khai khoáng
KHD,Khai khoáng
KSB,Khai khoáng
KSH,Khai khoáng
KSV,Khai khoáng
LCM,Khai khoáng
LMC,Khai khoáng
MDC,Khai khoáng
MGC,Khai khoáng
MIC,Khai khoáng
MIM,Khai khoáng
MSR,Khai khoáng
MTA,Khai khoáng
MVB,Khai khoáng
NBC,Khai khoáng
AMC,Khai khoáng
SHN,Khai khoáng
SPI,Khai khoáng
SQC,Khai khoáng
THT,Khai khoáng
TMB,Khai khoáng
BCB,Khai khoáng
TNT,Khai khoáng
TVD,Khai khoáng
VBG,Khai khoáng
VDB,Khai khoáng
VIM,Khai khoáng
ATG,Khai khoáng
ACM,Khai khoáng
AAH,Khai khoáng
VPG,Khai khoáng
YBM,Khai khoáng
BVG,Kim loại
CBI,Kim loại
DFC,Kim loại
DPS,Kim loại
DTL,Kim loại
GDA,Kim loại
HLA,Kim loại
HMC,Kim loại
HMG,Kim loại
HPG,Kim loại
HSG,Kim loại
HSV,Kim loại
ITQ,Kim loại
KKC,Kim loại
KMT,Kim loại
KTL,Kim loại
MEL,Kim loại
MHL,Kim loại
NHV,Kim loại
NKG,Kim loại
NSH,Kim loại
PAS,Kim loại
POM,Kim loại
BCA,Kim loại
SHA,Kim loại
SHI,Kim loại
SMC,Kim loại
SSM,Kim loại
TDS,Kim loại
TIS,Kim loại
TKG,Kim loại
TKU,Kim loại
TLH,Kim loại
TMG,Kim loại
TNA,Kim loại
TNB,Kim loại
TNI,Kim loại
TNS,Kim loại
TTH,Kim loại
TTS,Kim loại
TVN,Kim loại
VCA,Kim loại
VDT,Kim loại
VGL,Kim loại
VGS,Kim loại
KVC,Kim loại
CAP,Lâm nghiệp và Giấy
DHC,Lâm nghiệp và Giấy
DLG,Lâm nghiệp và Giấy
FRC,Lâm nghiệp và Giấy
FRM,Lâm nghiệp và Giấy
GTA,Lâm nghiệp và Giấy
GVT,Lâm nghiệp và Giấy
HAP,Lâm nghiệp và Giấy
HHP,Lâm nghiệp và Giấy
MDF,Lâm nghiệp và Giấy
MZG,Lâm nghiệp và Giấy
PIS,Lâm nghiệp và Giấy
PTB,Lâm nghiệp và Giấy
SAV,Lâm nghiệp và Giấy
SVT,Lâm nghiệp và Giấy
TMW,Lâm nghiệp và Giấy
TQN,Lâm nghiệp và Giấy
TTF,Lâm nghiệp và Giấy
VID,Lâm nghiệp và Giấy
VIF,Lâm nghiệp và Giấy
ACG,Lâm nghiệp và Giấy
BID,Ngân hàng
BVB,Ngân hàng
CTG,Ngân hàng
EIB,Ngân hàng
HDB,Ngân hàng
KLB,Ngân hàng
LPB,Ngân hàng
MBB,Ngân hàng
MSB,Ngân hàng
NAB,Ngân hàng
NVB,Ngân hàng
OCB,Ngân hàng
PGB,Ngân hàng
ACB,Ngân hàng
SGB,Ngân hàng
SHB,Ngân hàng
SSB,Ngân hàng
STB,Ngân hàng
TCB,Ngân hàng
TPB,Ngân hàng
VAB,Ngân hàng
VBB,Ngân hàng
VCB,Ngân hàng
VIB,Ngân hàng
BAB,Ngân hàng
ABB,Ngân hàng
VPB,Ngân hàng
BDW,Nước & Khí đốt
BGW,Nước & Khí đốt
BMF,Nước & Khí đốt
BNW,Nước & Khí đốt
BTW,Nước & Khí đốt
BWA,Nước & Khí đốt
BWE,Nước & Khí đốt
BWS,Nước & Khí đốt
CCI,Nước & Khí đốt
CHS,Nước & Khí đốt
CLW,Nước & Khí đốt
CMW,Nước & Khí đốt
CNG,Nước & Khí đốt
CTW,Nước & Khí đốt
DDG,Nước & Khí đốt
DKW,Nước & Khí đốt
DMS,Nước & Khí đốt
DNA,Nước & Khí đốt
DNN,Nước & Khí đốt
DNW,Nước & Khí đốt
DVC,Nước & Khí đốt
DWC,Nước & Khí đốt
DWS,Nước & Khí đốt
GAS,Nước & Khí đốt
GCB,Nước & Khí đốt
GDW,Nước & Khí đốt
GLW,Nước & Khí đốt
HDW,Nước & Khí đốt
HFC,Nước & Khí đốt
HPW,Nước & Khí đốt
HTC,Nước & Khí đốt
HWS,Nước & Khí đốt
KHW,Nước & Khí đốt
KWA,Nước & Khí đốt
LAW,Nước & Khí đốt
LDW,Nước & Khí đốt
LKW,Nước & Khí đốt
MTG,Nước & Khí đốt
NAW,Nước & Khí đốt
NBT,Nước & Khí đốt
NBW,Nước & Khí đốt
NDW,Nước & Khí đốt
NLS,Nước & Khí đốt
NNT,Nước & Khí đốt
NQB,Nước & Khí đốt
NQN,Nước & Khí đốt
NQT,Nước & Khí đốt
NS2,Nước & Khí đốt
NSL,Nước & Khí đốt
NTW,Nước & Khí đốt
NVP,Nước & Khí đốt
PCG,Nước & Khí đốt
PEG,Nước & Khí đốt
PGC,Nước & Khí đốt
PGD,Nước & Khí đốt
PGS,Nước & Khí đốt
PJC,Nước & Khí đốt
PJS,Nước & Khí đốt
PMG,Nước & Khí đốt
PMW,Nước & Khí đốt
PND,Nước & Khí đốt
POB,Nước & Khí đốt
POV,Nước & Khí đốt
PPT,Nước & Khí đốt
PPY,Nước & Khí đốt
PSH,Nước & Khí đốt
PTH,Nước & Khí đốt
PTX,Nước & Khí đốt
PVG,Nước & Khí đốt
PWS,Nước & Khí đốt
QNW,Nước & Khí đốt
SFC,Nước & Khí đốt
SII,Nước & Khí đốt
STW,Nước & Khí đốt
TAW,Nước & Khí đốt
TBW,Nước & Khí đốt
TDG,Nước & Khí đốt
TDM,Nước & Khí đốt
TDW,Nước & Khí đốt
THN,Nước & Khí đốt
THW,Nước & Khí đốt
TLP,Nước & Khí đốt
TMC,Nước & Khí đốt
TNW,Nước & Khí đốt
TOW,Nước & Khí đốt
TQW,Nước & Khí đốt
UPC,Nước & Khí đốt
VAV,Nước & Khí đốt
VLW,Nước & Khí đốt
ASP,Nước & Khí đốt
VCW,Nước & Khí đốt
VMG,Nước & Khí đốt
VPW,Nước & Khí đốt
VWS,Nước & Khí đốt
DHT,Phân phối thực phẩm & dược phẩm
FHN,Phân phối thực phẩm & dược phẩm
TH1,Phân phối thực phẩm & dược phẩm
AGX,Phân phối thực phẩm & dược phẩm
AFX,Phân phối thực phẩm & dược phẩm
CMG,Phần mềm & Dịch vụ Máy tính
CMT,Phần mềm & Dịch vụ Máy tính
FPT,Phần mềm & Dịch vụ Máy tính
HIG,Phần mềm & Dịch vụ Máy tính
HPT,Phần mềm & Dịch vụ Máy tính
ICT,Phần mềm & Dịch vụ Máy tính
ITD,Phần mềm & Dịch vụ Máy tính
SBD,Phần mềm & Dịch vụ Máy tính
SGT,Phần mềm & Dịch vụ Máy tính
SRA,Phần mềm & Dịch vụ Máy tính
SRB,Phần mềm & Dịch vụ Máy tính
TST,Phần mềm & Dịch vụ Máy tính
UNI,Phần mềm & Dịch vụ Máy tính
VLA,Phần mềm & Dịch vụ Máy tính
BGE,Sản xuất & Phân phối Điện
BHA,Sản xuất & Phân phối Điện
BSA,Sản xuất & Phân phối Điện
BTP,Sản xuất & Phân phối Điện
CHP,Sản xuất & Phân phối Điện
DNC,Sản xuất & Phân phối Điện
DNH,Sản xuất & Phân phối Điện
DRL,Sản xuất & Phân phối Điện
DTE,Sản xuất & Phân phối Điện
DTK,Sản xuất & Phân phối Điện
GEG,Sản xuất & Phân phối Điện
GHC,Sản xuất & Phân phối Điện
GSM,Sản xuất & Phân phối Điện
HIO,Sản xuất & Phân phối Điện
HJS,Sản xuất & Phân phối Điện
HNA,Sản xuất & Phân phối Điện
HND,Sản xuất & Phân phối Điện
HPD,Sản xuất & Phân phối Điện
HTE,Sản xuất & Phân phối Điện
ISH,Sản xuất & Phân phối Điện
KHP,Sản xuất & Phân phối Điện
NBP,Sản xuất & Phân phối Điện
ND2,Sản xuất & Phân phối Điện
NT2,Sản xuất & Phân phối Điện
NTH,Sản xuất & Phân phối Điện
PGV,Sản xuất & Phân phối Điện
PIC,Sản xuất & Phân phối Điện
POW,Sản xuất & Phân phối Điện
PPC,Sản xuất & Phân phối Điện
QPH,Sản xuất & Phân phối Điện
QTP,Sản xuất & Phân phối Điện
S4A,Sản xuất & Phân phối Điện
SBA,Sản xuất & Phân phối Điện
SBH,Sản xuất & Phân phối Điện
SEB,Sản xuất & Phân phối Điện
SHP,Sản xuất & Phân phối Điện
SJD,Sản xuất & Phân phối Điện
SMA,Sản xuất & Phân phối Điện
SP2,Sản xuất & Phân phối Điện
SVH,Sản xuất & Phân phối Điện
TBC,Sản xuất & Phân phối Điện
TDB,Sản xuất & Phân phối Điện
TMP,Sản xuất & Phân phối Điện
TTA,Sản xuất & Phân phối Điện
TTE,Sản xuất & Phân phối Điện
UIC,Sản xuất & Phân phối Điện
VCP,Sản xuất & Phân phối Điện
AVC,Sản xuất & Phân phối Điện
REE,Sản xuất & Phân phối Điện
VPD,Sản xuất & Phân phối Điện
VSH,Sản xuất & Phân phối Điện
XMP,Sản xuất & Phân phối Điện
BSR,Sản xuất Dầu khí
OIL,Sản xuất Dầu khí
PLX,Sản xuất Dầu khí
BCF,Sản xuất thực phẩm
BLF,Sản xuất thực phẩm
BLT,Sản xuất thực phẩm
BMV,Sản xuất thực phẩm
BNA,Sản xuất thực phẩm
C22,Sản xuất thực phẩm
CAD,Sản xuất thực phẩm
CAN,Sản xuất thực phẩm
CAT,Sản xuất thực phẩm
CBS,Sản xuất thực phẩm
CCA,Sản xuất thực phẩm
CLX,Sản xuất thực phẩm
CMF,Sản xuất thực phẩm
CMM,Sản xuất thực phẩm
CMN,Sản xuất thực phẩm
CMX,Sản xuất thực phẩm
CNA,Sản xuất thực phẩm
DAT,Sản xuất thực phẩm
DBC,Sản xuất thực phẩm
DMN,Sản xuất thực phẩm
FCS,Sản xuất thực phẩm
FMC,Sản xuất thực phẩm
GCF,Sản xuất thực phẩm
HAF,Sản xuất thực phẩm
HAG,Sản xuất thực phẩm
HDS,Sản xuất thực phẩm
HHC,Sản xuất thực phẩm
HKB,Sản xuất thực phẩm
HNF,Sản xuất thực phẩm
HNG,Sản xuất thực phẩm
HNM,Sản xuất thực phẩm
HSL,Sản xuất thực phẩm
ICF,Sản xuất thực phẩm
IDI,Sản xuất thực phẩm
IDP,Sản xuất thực phẩm
ILA,Sản xuất thực phẩm
AIG,Sản xuất thực phẩm
JOS,Sản xuất thực phẩm
KDC,Sản xuất thực phẩm
KHS,Sản xuất thực phẩm
KTC,Sản xuất thực phẩm
KTS,Sản xuất thực phẩm
LAF,Sản xuất thực phẩm
LSS,Sản xuất thực phẩm
LTG,Sản xuất thực phẩm
MCF,Sản xuất thực phẩm
MCH,Sản xuất thực phẩm
MCM,Sản xuất thực phẩm
MLS,Sản xuất thực phẩm
MML,Sản xuất thực phẩm
MPC,Sản xuất thực phẩm
MSN,Sản xuất thực phẩm
NCG,Sản xuất thực phẩm
NCS,Sản xuất thực phẩm
NDF,Sản xuất thực phẩm
NGC,Sản xuất thực phẩm
NSC,Sản xuất thực phẩm
NSS,Sản xuất thực phẩm
OCH,Sản xuất thực phẩm
PAN,Sản xuất thực phẩm
APT,Sản xuất thực phẩm
PRO,Sản xuất thực phẩm
PSL,Sản xuất thực phẩm
QNS,Sản xuất thực phẩm
SAF,Sản xuất thực phẩm
SBT,Sản xuất thực phẩm
SEA,Sản xuất thực phẩm
SJ1,Sản xuất thực phẩm
SNC,Sản xuất thực phẩm
SPD,Sản xuất thực phẩm
SPH,Sản xuất thực phẩm
SPV,Sản xuất thực phẩm
SSC,Sản xuất thực phẩm
SSN,Sản xuất thực phẩm
TAR,Sản xuất thực phẩm
TCJ,Sản xuất thực phẩm
TFC,Sản xuất thực phẩm
THP,Sản xuất thực phẩm
TS4,Sản xuất thực phẩm
TT6,Sản xuất thực phẩm
UXC,Sản xuất thực phẩm
AGM,Sản xuất thực phẩm
VHC,Sản xuất thực phẩm
VHF,Sản xuất thực phẩm
VLC,Sản xuất thực phẩm
VLF,Sản xuất thực phẩm
VNH,Sản xuất thực phẩm
VNM,Sản xuất thực phẩm
AVF,Sản xuất thực phẩm
BAF,Sản xuất thực phẩm
BBC,Sản xuất thực phẩm
ASM,Sản xuất thực phẩm
ATA,Sản xuất thực phẩm
ANT,Sản xuất thực phẩm
ANV,Sản xuất thực phẩm
APF,Sản xuất thực phẩm
AGF,Sản xuất thực phẩm
ABT,Sản xuất thực phẩm
ACL,Sản xuất thực phẩm
AAM,Sản xuất thực phẩm
HVG,Sản xuất thực phẩm
SGC,Sản xuất thực phẩm
SLS,Sản xuất thực phẩm
VOC,Sản xuất thực phẩm
VSF,Sản xuất thực phẩm
VSN,Sản xuất thực phẩm
CVN,Thiết bị và Dịch vụ Y tế
DNM,Thiết bị và Dịch vụ Y tế
DTH,Thiết bị và Dịch vụ Y tế
JVC,Thiết bị và Dịch vụ Y tế
MEF,Thiết bị và Dịch vụ Y tế
MRF,Thiết bị và Dịch vụ Y tế
TNH,Thiết bị và Dịch vụ Y tế
TTD,Thiết bị và Dịch vụ Y tế
AMV,Thiết bị và Dịch vụ Y tế
YTC,Thiết bị và Dịch vụ Y tế
CKV,Thiết bị và Phần cứng
ELC,Thiết bị và Phần cứng
KST,Thiết bị và Phần cứng
LTC,Thiết bị và Phần cứng
ONE,Thiết bị và Phần cứng
PMJ,Thiết bị và Phần cứng
PMT,Thiết bị và Phần cứng
POT,Thiết bị và Phần cứng
SAM,Thiết bị và Phần cứng
SMT,Thiết bị và Phần cứng
ST8,Thiết bị và Phần cứng
VEC,Thiết bị và Phần cứng
VIE,Thiết bị và Phần cứng
VTE,Thiết bị và Phần cứng
VTC,Thiết bị và Phần cứng
PEQ,"Thiết bị, Dịch vụ và Phân phối Dầu khí"
POS,"Thiết bị, Dịch vụ và Phân phối Dầu khí"
PTV,"Thiết bị, Dịch vụ và Phân phối Dầu khí"
PVB,"Thiết bị, Dịch vụ và Phân phối Dầu khí"
PVC,"Thiết bị, Dịch vụ và Phân phối Dầu khí"
PVD,"Thiết bị, Dịch vụ và Phân phối Dầu khí"
PVE,"Thiết bị, Dịch vụ và Phân phối Dầu khí"
PVS,"Thiết bị, Dịch vụ và Phân phối Dầu khí"
TOS,"Thiết bị, Dịch vụ và Phân phối Dầu khí"
CLC,Thuốc lá
HJC,Thuốc lá
NST,Thuốc lá
VTJ,Thuốc lá
BDB,Truyền thông
BED,Truyền thông
BST,Truyền thông
DAD,Truyền thông
DAE,Truyền thông
DST,Truyền thông
EBS,Truyền thông
ECI,Truyền thông
EID,Truyền thông
EPH,Truyền thông
FHS,Truyền thông
FOC,Truyền thông
HEV,Truyền thông
HTP,Truyền thông
IHK,Truyền thông
IN4,Truyền thông
LBE,Truyền thông
ADG,Truyền thông
NBE,Truyền thông
ODE,Truyền thông
PNC,Truyền thông
QST,Truyền thông
SAP,Truyền thông
SED,Truyền thông
SGD,Truyền thông
SMN,Truyền thông
STC,Truyền thông
STH,Truyền thông
TPH,Truyền thông
VEF,Truyền thông
VNB,Truyền thông
ALT,Truyền thông
ADC,Truyền thông
IBD,Truyền thông
VNX,Truyền thông
VNZ,Truyền thông
VPR,Truyền thông
YEG,Truyền thông
BMD,Tư vấn & Hỗ trợ Kinh doanh
BRS,Tư vấn & Hỗ trợ Kinh doanh
BTU,Tư vấn & Hỗ trợ Kinh doanh
CAR,Tư vấn & Hỗ trợ Kinh doanh
CDH,Tư vấn & Hỗ trợ Kinh doanh
CFM,Tư vấn & Hỗ trợ Kinh doanh
DNE,Tư vấn & Hỗ trợ Kinh doanh
DTB,Tư vấn & Hỗ trợ Kinh doanh
DUS,Tư vấn & Hỗ trợ Kinh doanh
HEC,Tư vấn & Hỗ trợ Kinh doanh
HEP,Tư vấn & Hỗ trợ Kinh doanh
HSA,Tư vấn & Hỗ trợ Kinh doanh
ILC,Tư vấn & Hỗ trợ Kinh doanh
IPA,Tư vấn & Hỗ trợ Kinh doanh
LPT,Tư vấn & Hỗ trợ Kinh doanh
MBN,Tư vấn & Hỗ trợ Kinh doanh
MDA,Tư vấn & Hỗ trợ Kinh doanh
MLC,Tư vấn & Hỗ trợ Kinh doanh
MND,Tư vấn & Hỗ trợ Kinh doanh
MPY,Tư vấn & Hỗ trợ Kinh doanh
MQB,Tư vấn & Hỗ trợ Kinh doanh
MQN,Tư vấn & Hỗ trợ Kinh doanh
MTB,Tư vấn & Hỗ trợ Kinh doanh
MTH,Tư vấn & Hỗ trợ Kinh doanh
MTL,Tư vấn & Hỗ trợ Kinh doanh
MTS,Tư vấn & Hỗ trợ Kinh doanh
MTV,Tư vấn & Hỗ trợ Kinh doanh
MTX,Tư vấn & Hỗ trợ Kinh doanh
NAU,Tư vấn & Hỗ trợ Kinh doanh
NUE,Tư vấn & Hỗ trợ Kinh doanh
PPE,Tư vấn & Hỗ trợ Kinh doanh
PPS,Tư vấn & Hỗ trợ Kinh doanh
PVM,Tư vấn & Hỗ trợ Kinh doanh
ARM,Tư vấn & Hỗ trợ Kinh doanh
QNU,Tư vấn & Hỗ trợ Kinh doanh
SDA,Tư vấn & Hỗ trợ Kinh doanh
SDC,Tư vấn & Hỗ trợ Kinh doanh
SDV,Tư vấn & Hỗ trợ Kinh doanh
SFN,Tư vấn & Hỗ trợ Kinh doanh
SZE,Tư vấn & Hỗ trợ Kinh doanh
THU,Tư vấn & Hỗ trợ Kinh doanh
TV1,Tư vấn & Hỗ trợ Kinh doanh
TV2,Tư vấn & Hỗ trợ Kinh doanh
TV4,Tư vấn & Hỗ trợ Kinh doanh
TVM,Tư vấn & Hỗ trợ Kinh doanh
UCT,Tư vấn & Hỗ trợ Kinh doanh
UDL,Tư vấn & Hỗ trợ Kinh doanh
USD,Tư vấn & Hỗ trợ Kinh doanh
VCM,Tư vấn & Hỗ trợ Kinh doanh
VCT,Tư vấn & Hỗ trợ Kinh doanh
VLP,Tư vấn & Hỗ trợ Kinh doanh
VNC,Tư vấn & Hỗ trợ Kinh doanh
AMS,Tư vấn & Hỗ trợ Kinh doanh
ABR,Tư vấn & Hỗ trợ Kinh doanh
VQC,Tư vấn & Hỗ trợ Kinh doanh
VTK,Tư vấn & Hỗ trợ Kinh doanh
VXT,Tư vấn & Hỗ trợ Kinh doanh
FOX,Viễn thông cố định
PAI,Viễn thông cố định
PIA,Viễn thông cố định
PTP,Viễn thông cố định
TTN,Viễn thông cố định
MFS,Viễn thông di động
VGI,Viễn thông di động
ABC,Viễn thông di động
CAG,Vận tải
CCP,Vận tải
CCR,Vận tải
CCT,Vận tải
CDN,Vận tải
CIA,Vận tải
CLL,Vận tải
CMP,Vận tải
CPI,Vận tải
CQN,Vận tải
DDH,Vận tải
DDM,Vận tải
DL1,Vận tải
DNL,Vận tải
DOP,Vận tải
DS3,Vận tải
DVP,Vận tải
DXP,Vận tải
EMS,Vận tải
GIC,Vận tải
GMD,Vận tải
GSP,Vận tải
HAH,Vận tải
HCT,Vận tải
HHN,Vận tải
HMH,Vận tải
HNB,Vận tải
HTV,Vận tải
ILB,Vận tải
ISG,Vận tải
IST,Vận tải
MHC,Vận tải
MVN,Vận tải
NAP,Vận tải
NAS,Vận tải
NCT,Vận tải
NOS,Vận tải
PAP,Vận tải
PCT,Vận tải
PDN,Vận tải
PDV,Vận tải
PHP,Vận tải
PJT,Vận tải
PLO,Vận tải
PNP,Vận tải
PQN,Vận tải
PRC,Vận tải
ASG,Vận tải
PSC,Vận tải
PSN,Vận tải
PSP,Vận tải
PTS,Vận tải
PTT,Vận tải
PVP,Vận tải
PVT,Vận tải
QNP,Vận tải
QSP,Vận tải
RAT,Vận tải
SAC,Vận tải
SGN,Vận tải
SGP,Vận tải
SGS,Vận tải
SHC,Vận tải
SSG,Vận tải
STG,Vận tải
STS,Vận tải
SWC,Vận tải
TAB,Vận tải
TBH,Vận tải
TCL,Vận tải
TCO,Vận tải
TCW,Vận tải
TJC,Vận tải
TMS,Vận tải
TNP,Vận tải
TOT,Vận tải
TR1,Vận tải
TRS,Vận tải
TSG,Vận tải
TUG,Vận tải
VFC,Vận tải
VFR,Vận tải
VGP,Vận tải
VGR,Vận tải
VIN,Vận tải
VIP,Vận tải
VLG,Vận tải
VMS,Vận tải
VMT,Vận tải
VNA,Vận tải
VNF,Vận tải
VNL,Vận tải
VSE,Vận tải
ACV,Vận tải
SFI,Vận tải
VNT,Vận tải
VPA,Vận tải
VOS,Vận tải
VSA,Vận tải
VSC,Vận tải
VSG,Vận tải
VSM,Vận tải
VST,Vận tải
VTO,Vận tải
VTP,Vận tải
VTX,Vận tải
WCS,Vận tải
WTC,Vận tải
BCE,Xây dựng và Vật liệu
BCR,Xây dựng và Vật liệu
BDT,Xây dựng và Vật liệu
BHC,Xây dựng và Vật liệu
BMK,Xây dựng và Vật liệu
BMN,Xây dựng và Vật liệu
BMP,Xây dựng và Vật liệu
BOT,Xây dựng và Vật liệu
BT6,Xây dựng và Vật liệu
BTD,Xây dựng và Vật liệu
BTN,Xây dựng và Vật liệu
BTS,Xây dựng và Vật liệu
C12,Xây dựng và Vật liệu
C32,Xây dựng và Vật liệu
C47,Xây dựng và Vật liệu
C4G,Xây dựng và Vật liệu
C69,Xây dựng và Vật liệu
C92,Xây dựng và Vật liệu
CC1,Xây dựng và Vật liệu
CC4,Xây dựng và Vật liệu
CCC,Xây dựng và Vật liệu
CCM,Xây dựng và Vật liệu
CCV,Xây dựng và Vật liệu
CDC,Xây dựng và Vật liệu
CDG,Xây dựng và Vật liệu
CDO,Xây dựng và Vật liệu
CDR,Xây dựng và Vật liệu
CGV,Xây dựng và Vật liệu
CH5,Xây dựng và Vật liệu
CHC,Xây dựng và Vật liệu
CI5,Xây dựng và Vật liệu
CID,Xây dựng và Vật liệu
CIG,Xây dựng và Vật liệu
CII,Xây dựng và Vật liệu
CIP,Xây dựng và Vật liệu
CLH,Xây dựng và Vật liệu
CMD,Xây dựng và Vật liệu
CMI,Xây dựng và Vật liệu
CMS,Xây dựng và Vật liệu
CNN,Xây dựng và Vật liệu
CNT,Xây dựng và Vật liệu
CQT,Xây dựng và Vật liệu
CRC,Xây dựng và Vật liệu
CSC,Xây dựng và Vật liệu
CT3,Xây dựng và Vật liệu
CT6,Xây dựng và Vật liệu
CTA,Xây dựng và Vật liệu
CTI,Xây dựng và Vật liệu
CTN,Xây dựng và Vật liệu
CTR,Xây dựng và Vật liệu
CTX,Xây dựng và Vật liệu
CVT,Xây dựng và Vật liệu
CX8,Xây dựng và Vật liệu
CYC,Xây dựng và Vật liệu
DAC,Xây dựng và Vật liệu
DC1,Xây dựng và Vật liệu
DC2,Xây dựng và Vật liệu
DC4,Xây dựng và Vật liệu
DCF,Xây dựng và Vật liệu
DCR,Xây dựng và Vật liệu
DCT,Xây dựng và Vật liệu
DDB,Xây dựng và Vật liệu
DFF,Xây dựng và Vật liệu
DGT,Xây dựng và Vật liệu
DHA,Xây dựng và Vật liệu
DIC,Xây dựng và Vật liệu
DID,Xây dựng và Vật liệu
DIH,Xây dựng và Vật liệu
DKG,Xây dựng và Vật liệu
DLR,Xây dựng và Vật liệu
DND,Xây dựng và Vật liệu
DNP,Xây dựng và Vật liệu
DPG,Xây dựng và Vật liệu
DSG,Xây dựng và Vật liệu
DSH,Xây dựng và Vật liệu
DTC,Xây dựng và Vật liệu
DVG,Xây dựng và Vật liệu
DVW,Xây dựng và Vật liệu
DXV,Xây dựng và Vật liệu
E12,Xây dựng và Vật liệu
E29,Xây dựng và Vật liệu
EIC,Xây dựng và Vật liệu
EVG,Xây dựng và Vật liệu
FCM,Xây dựng và Vật liệu
FCN,Xây dựng và Vật liệu
FIC,Xây dựng và Vật liệu
FID,Xây dựng và Vật liệu
G36,Xây dựng và Vật liệu
GAB,Xây dựng và Vật liệu
GH3,Xây dựng và Vật liệu
GKM,Xây dựng và Vật liệu
GMH,Xây dựng và Vật liệu
GMX,Xây dựng và Vật liệu
GND,Xây dựng và Vật liệu
GTS,Xây dựng và Vật liệu
H11,Xây dựng và Vật liệu
HAM,Xây dựng và Vật liệu
HAN,Xây dựng và Vật liệu
HAS,Xây dựng và Vật liệu
HBC,Xây dựng và Vật liệu
HC1,Xây dựng và Vật liệu
HC3,Xây dựng và Vật liệu
HCC,Xây dựng và Vật liệu
HCI,Xây dựng và Vật liệu
HDA,Xây dựng và Vật liệu
HEJ,Xây dựng và Vật liệu
HFB,Xây dựng và Vật liệu
HHV,Xây dựng và Vật liệu
HID,Xây dựng và Vật liệu
HLY,Xây dựng và Vật liệu
HMR,Xây dựng và Vật liệu
HMS,Xây dựng và Vật liệu
HOM,Xây dựng và Vật liệu
HPP,Xây dựng và Vật liệu
HSP,Xây dựng và Vật liệu
HT1,Xây dựng và Vật liệu
HTI,Xây dựng và Vật liệu
HU1,Xây dựng và Vật liệu
HU3,Xây dựng và Vật liệu
HU4,Xây dựng và Vật liệu
HUB,Xây dựng và Vật liệu
HVX,Xây dựng và Vật liệu
ICC,Xây dựng và Vật liệu
ICG,Xây dựng và Vật liệu
ICI,Xây dựng và Vật liệu
ICN,Xây dựng và Vật liệu
INC,Xây dựng và Vật liệu
ING,Xây dựng và Vật liệu
KCE,Xây dựng và Vật liệu
ALV,Xây dựng và Vật liệu
KDM,Xây dựng và Vật liệu
KHL,Xây dựng và Vật liệu
KPF,Xây dựng và Vật liệu
KSQ,Xây dựng và Vật liệu
KTT,Xây dựng và Vật liệu
L12,Xây dựng và Vật liệu
L18,Xây dựng và Vật liệu
L43,Xây dựng và Vật liệu
L45,Xây dựng và Vật liệu
LAI,Xây dựng và Vật liệu
LBM,Xây dựng và Vật liệu
LCC,Xây dựng và Vật liệu
LCD,Xây dựng và Vật liệu
LCG,Xây dựng và Vật liệu
LCS,Xây dựng và Vật liệu
LG9,Xây dựng và Vật liệu
LGC,Xây dựng và Vật liệu
LHC,Xây dựng và Vật liệu
LIC,Xây dựng và Vật liệu
LIG,Xây dựng và Vật liệu
LM3,Xây dựng và Vật liệu
LM8,Xây dựng và Vật liệu
LQN,Xây dựng và Vật liệu
LUT,Xây dựng và Vật liệu
MBG,Xây dựng và Vật liệu
MCC,Xây dựng và Vật liệu
MCG,Xây dựng và Vật liệu
MCO,Xây dựng và Vật liệu
MDG,Xây dựng và Vật liệu
MEC,Xây dựng và Vật liệu
MES,Xây dựng và Vật liệu
MST,Xây dựng và Vật liệu
MVC,Xây dựng và Vật liệu
NAC,Xây dựng và Vật liệu
NAV,Xây dựng và Vật liệu
NDX,Xây dựng và Vật liệu
NED,Xây dựng và Vật liệu
NHA,Xây dựng và Vật liệu
NHC,Xây dựng và Vật liệu
NNC,Xây dựng và Vật liệu
NTP,Xây dựng và Vật liệu
NXT,Xây dựng và Vật liệu
PC1,Xây dựng và Vật liệu
PCC,Xây dựng và Vật liệu
PCM,Xây dựng và Vật liệu
PDB,Xây dựng và Vật liệu
PEN,Xây dựng và Vật liệu
PFL,Xây dựng và Vật liệu
PHC,Xây dựng và Vật liệu
PHH,Xây dựng và Vật liệu
PID,Xây dựng và Vật liệu
PNT,Xây dựng và Vật liệu
PSB,Xây dựng và Vật liệu
PSG,Xây dựng và Vật liệu
PTC,Xây dựng và Vật liệu
PTD,Xây dựng và Vật liệu
PTO,Xây dựng và Vật liệu
PVA,Xây dựng và Vật liệu
PVH,Xây dựng và Vật liệu
PVV,Xây dựng và Vật liệu
PVX,Xây dựng và Vật liệu
PVY,Xây dựng và Vật liệu
PX1,Xây dựng và Vật liệu
ROS,Xây dựng và Vật liệu
PXI,Xây dựng và Vật liệu
PXM,Xây dựng và Vật liệu
PXS,Xây dựng và Vật liệu
PXT,Xây dựng và Vật liệu
QCC,Xây dựng và Vật liệu
QNC,Xây dựng và Vật liệu
QNT,Xây dựng và Vật liệu
QTC,Xây dựng và Vật liệu
RCC,Xây dựng và Vật liệu
RCD,Xây dựng và Vật liệu
RYG,Xây dựng và Vật liệu
S12,Xây dựng và Vật liệu
S27,Xây dựng và Vật liệu
S55,Xây dựng và Vật liệu
S72,Xây dựng và Vật liệu
S74,Xây dựng và Vật liệu
S96,Xây dựng và Vật liệu
S99,Xây dựng và Vật liệu
SBM,Xây dựng và Vật liệu
SC5,Xây dựng và Vật liệu
SCC,Xây dựng và Vật liệu
SCG,Xây dựng và Vật liệu
SCI,Xây dựng và Vật liệu
SCJ,Xây dựng và Vật liệu
SCL,Xây dựng và Vật liệu
SD1,Xây dựng và Vật liệu
SD2,Xây dựng và Vật liệu
SD4,Xây dựng và Vật liệu
SD6,Xây dựng và Vật liệu
SD7,Xây dựng và Vật liệu
SD8,Xây dựng và Vật liệu
SD9,Xây dựng và Vật liệu
SDB,Xây dựng và Vật liệu
SDJ,Xây dựng và Vật liệu
SDN,Xây dựng và Vật liệu
SDP,Xây dựng và Vật liệu
SDT,Xây dựng và Vật liệu
SDU,Xây dựng và Vật liệu
SDX,Xây dựng và Vật liệu
SDY,Xây dựng và Vật liệu
SHG,Xây dựng và Vật liệu
SIG,Xây dựng và Vật liệu
SIV,Xây dựng và Vật liệu
SJC,Xây dựng và Vật liệu
SJE,Xây dựng và Vật liệu
SJG,Xây dựng và Vật liệu
SJM,Xây dựng và Vật liệu
SNZ,Xây dựng và Vật liệu
ACC,Xây dựng và Vật liệu
SVN,Xây dựng và Vật liệu
TA6,Xây dựng và Vật liệu
TA9,Xây dựng và Vật liệu
TBT,Xây dựng và Vật liệu
TBX,Xây dựng và Vật liệu
TCD,Xây dựng và Vật liệu
TCK,Xây dựng và Vật liệu
TCR,Xây dựng và Vật liệu
TDF,Xây dựng và Vật liệu
TED,Xây dựng và Vật liệu
TEL,Xây dựng và Vật liệu
TGG,Xây dựng và Vật liệu
THG,Xây dựng và Vật liệu
TKC,Xây dựng và Vật liệu
TL4,Xây dựng và Vật liệu
TLT,Xây dựng và Vật liệu
TMX,Xây dựng và Vật liệu
TNM,Xây dựng và Vật liệu
TRT,Xây dựng và Vật liệu
TS3,Xây dựng và Vật liệu
TSA,Xây dựng và Vật liệu
TTB,Xây dựng và Vật liệu
TTC,Xây dựng và Vật liệu
TTL,Xây dựng và Vật liệu
TTZ,Xây dựng và Vật liệu
TV3,Xây dựng và Vật liệu
TVA,Xây dựng và Vật liệu
TVG,Xây dựng và Vật liệu
TVH,Xây dựng và Vật liệu
TXM,Xây dựng và Vật liệu
UDC,Xây dựng và Vật liệu
UDJ,Xây dựng và Vật liệu
UMC,Xây dựng và Vật liệu
V12,Xây dựng và Vật liệu
V15,Xây dựng và Vật liệu
VC1,Xây dựng và Vật liệu
VC2,Xây dựng và Vật liệu
VC5,Xây dựng và Vật liệu
VC6,Xây dựng và Vật liệu
VC7,Xây dựng và Vật liệu
VC9,Xây dựng và Vật liệu
VCC,Xây dựng và Vật liệu
VCE,Xây dựng và Vật liệu
VCG,Xây dựng và Vật liệu
VCS,Xây dựng và Vật liệu
VCX,Xây dựng và Vật liệu
VE1,Xây dựng và Vật liệu
VE2,Xây dựng và Vật liệu
VE3,Xây dựng và Vật liệu
VE4,Xây dựng và Vật liệu
VE8,Xây dựng và Vật liệu
VE9,Xây dựng và Vật liệu
VGC,Xây dựng và Vật liệu
VHH,Xây dựng và Vật liệu
VHL,Xây dựng và Vật liệu
VIH,Xây dựng và Vật liệu
VIT,Xây dựng và Vật liệu
VIW,Xây dựng và Vật liệu
VLB,Xây dựng và Vật liệu
ADP,Xây dựng và Vật liệu
VNE,Xây dựng và Vật liệu
BAX,Xây dựng và Vật liệu
BCC,Xây dựng và Vật liệu
VTS,Xây dựng và Vật liệu
ATB,Xây dựng và Vật liệu
ACS,Xây dựng và Vật liệu
ACE,Xây dựng và Vật liệu
CTD,Xây dựng và Vật liệu
HVH,Xây dựng và Vật liệu
L40,Xây dựng và Vật liệu
L14,Xây dựng và Vật liệu
PLE,Xây dựng và Vật liệu
PTE,Xây dựng và Vật liệu
SD3,Xây dựng và Vật liệu
SD5,Xây dựng và Vật liệu
SDD,Xây dựng và Vật liệu
USC,Xây dựng và Vật liệu
VMC,Xây dựng và Vật liệu
VMK,Xây dựng và Vật liệu
VPC,Xây dựng và Vật liệu
VTA,Xây dựng và Vật liệu
VTV,Xây dựng và Vật liệu
VVN,Xây dựng và Vật liệu
VW3,Xây dựng và Vật liệu
VXB,Xây dựng và Vật liệu
X77,Xây dựng và Vật liệu
XLV,Xây dựng và Vật liệu
XMC,Xây dựng và Vật liệu
XMD,Xây dựng và Vật liệu
YBC,Xây dựng và Vật liệu
CSM,Ô tô và phụ tùng
CTF,Ô tô và phụ tùng
DAS,Ô tô và phụ tùng
DRC,Ô tô và phụ tùng
FTI,Ô tô và phụ tùng
GGG,Ô tô và phụ tùng
GMA,Ô tô và phụ tùng
HAX,Ô tô và phụ tùng
HHS,Ô tô và phụ tùng
HTL,Ô tô và phụ tùng
HUT,Ô tô và phụ tùng
SRC,Ô tô và phụ tùng
SVC,Ô tô và phụ tùng
TMT,Ô tô và phụ tùng
VKC,Ô tô và phụ tùng
VMA,Ô tô và phụ tùng
VVS,Ô tô và phụ tùng
BTH,Điện tử & Thiết bị điện
CJC,Điện tử & Thiết bị điện
DHP,Điện tử & Thiết bị điện
EME,Điện tử & Thiết bị điện
EMG,Điện tử & Thiết bị điện
GEE,Điện tử & Thiết bị điện
GEX,Điện tử & Thiết bị điện
HLO,Điện tử & Thiết bị điện
HLS,Điện tử & Thiết bị điện
KIP,Điện tử & Thiết bị điện
NAG,Điện tử & Thiết bị điện
NEM,Điện tử & Thiết bị điện
PAC,Điện tử & Thiết bị điện
PHN,Điện tử & Thiết bị điện
TBD,Điện tử & Thiết bị điện
TGP,Điện tử & Thiết bị điện
TIE,Điện tử & Thiết bị điện
TSB,Điện tử & Thiết bị điện
TYA,Điện tử & Thiết bị điện
VBH,Điện tử & Thiết bị điện
AME,Điện tử & Thiết bị điện
VTB,Điện tử & Thiết bị điện
VTH,Điện tử & Thiết bị điện
